yearmonth,Bus Passengers,Pedestrians,Personal Vehicle Passengers
2019-01-01,96478.0,286121.0,983776.0
2019-02-01,61710.0,266039.0,750265.0
2019-03-01,93092.0,319800.0,879046.0
2019-04-01,100859.0,337797.0,836055.0
2019-05-01,81070.0,315818.0,838242.0
2019-06-01,83473.0,314077.0,850919.0
2019-07-01,120320.0,341294.0,959762.0
2019-08-01,109292.0,318678.0,920564.0
2019-09-01,63786.0,293079.0,790889.0
2019-10-01,61373.0,316193.0,813339.0
2019-11-01,63745.0,326372.0,791043.0
2019-12-01,81239.0,354754.0,959865.0
2020-01-01,93240.0,309041.0,897997.0
2020-02-01,62911.0,292273.0,731666.0
2020-03-01,55516.0,220385.0,588935.0
2020-04-01,24371.0,47910.0,250453.0
2020-05-01,32417.0,56327.0,394904.0
2020-06-01,33762.0,78416.0,400266.0
2020-07-01,36799.0,86892.0,357214.0
2020-08-01,44788.0,90473.0,385118.0
2020-09-01,37827.0,123374.0,310493.0
2020-10-01,35841.0,131083.0,366842.0
2020-11-01,35204.0,132483.0,378040.0
2020-12-01,31227.0,139183.0,379057.0
2021-01-01,56450.0,133387.0,441093.0
2021-02-01,30958.0,107339.0,325287.0
2021-03-01,59342.0,153406.0,441903.0
2021-04-01,61766.0,145989.0,431806.0
2021-05-01,56354.0,146059.0,478081.0
2021-06-01,53670.0,137365.0,468734.0
2021-07-01,79123.0,130507.0,471965.0
2021-08-01,71267.0,133780.0,494352.0
2021-09-01,42830.0,133023.0,473026.0
2021-10-01,47111.0,138763.0,513097.0
2021-11-01,50939.0,206476.0,663288.0
2021-12-01,59443.0,238228.0,798179.0
2022-01-01,82914.0,179123.0,734486.0
2022-02-01,51739.0,178046.0,626091.0
2022-03-01,76306.0,203382.0,691918.0
2022-04-01,82550.0,207750.0,734125.0
2022-05-01,65335.0,206326.0,730489.0
2022-06-01,,194802.0,685589.0
2022-07-01,91919.0,197992.0,774652.0
2022-08-01,87922.0,212303.0,771685.0
2022-09-01,51236.0,211812.0,728476.0
2022-10-01,50364.0,234920.0,743975.0
2022-11-01,57004.0,223771.0,736844.0
2022-12-01,57176.0,240460.0,820601.0
2023-01-01,85926.0,225422.0,831433.0
2023-02-01,45665.0,207458.0,672427.0
2023-03-01,71299.0,242685.0,764275.0
2023-04-01,75809.0,231001.0,802713.0
2023-05-01,61367.0,238375.0,771727.0
2023-06-01,63430.0,210073.0,729871.0
2023-07-01,97877.0,230890.0,816540.0
2023-08-01,78143.0,228839.0,802882.0
2023-09-01,52103.0,228826.0,770285.0
2023-10-01,,1539.0,793313.0
2023-11-01,55948.0,238164.0,809856.0
2023-12-01,64814.0,266937.0,947472.0
2024-01-01,84000.0,219764.0,873184.0
2024-02-01,55677.0,230382.0,753289.0
2024-03-01,75912.0,257891.0,856744.0
2024-04-01,72334.0,246170.0,792222.0
2024-05-01,66387.0,243975.0,815907.0
2024-06-01,59123.0,223178.0,767385.0
2024-07-01,93180.0,242882.0,843536.0
2024-08-01,79869.0,244496.0,841424.0
2024-09-01,57288.0,233362.0,804416.0
2024-10-01,54892.0,250325.0,818731.0
2024-11-01,57438.0,269259.0,811337.0
2024-12-01,69779.0,292642.0,934734.0
2025-01-01,94067.0,233246.0,849892.0
2025-02-01,55262.0,219637.0,675339.0
2025-03-01,71493.0,272523.0,776152.0
2025-04-01,67141.0,258041.0,835444.0
2025-05-01,63204.0,260399.0,827842.0
2025-06-01,52421.0,229497.0,778734.0
2025-07-01,80105.0,243478.0,853363.0
2025-08-01,73817.0,251144.0,887241.0
2025-09-01,50366.0,247644.0,833577.0
